date,day,comments,working_day,next_working_day_0,next_working_day_1,next_working_day_2,next_working_day_3,next_working_day_4,next_working_day_5
2022-01-01,Saturday,New Year's Day,0,2022-01-01,2022-01-03,2022-01-04,2022-01-05,2022-01-06,2022-01-07
2022-01-02,Sunday,,0,2022-01-02,2022-01-03,2022-01-04,2022-01-05,2022-01-06,2022-01-07
2022-01-03,Monday,,1,2022-01-03,2022-01-04,2022-01-05,2022-01-06,2022-01-07,2022-01-08
2022-01-04,Tuesday,,1,2022-01-04,2022-01-05,2022-01-06,2022-01-07,2022-01-08,2022-01-10
2022-01-05,Wednesday,,1,2022-01-05,2022-01-06,2022-01-07,2022-01-08,2022-01-10,2022-01-11
2022-01-06,Thursday,,1,2022-01-06,2022-01-07,2022-01-08,2022-01-10,2022-01-11,2022-01-12
2022-01-07,Friday,,1,2022-01-07,2022-01-08,2022-01-10,2022-01-11,2022-01-12,2022-01-13
2022-01-08,Saturday,,1,2022-01-08,2022-01-10,2022-01-11,2022-01-12,2022-01-13,2022-01-14
2022-01-09,Sunday,,0,2022-01-09,2022-01-10,2022-01-11,2022-01-12,2022-01-13,2022-01-14
2022-01-10,Monday,,1,2022-01-10,2022-01-11,2022-01-12,2022-01-13,2022-01-14,2022-01-15
2022-01-11,Tuesday,,1,2022-01-11,2022-01-12,2022-01-13,2022-01-14,2022-01-15,2022-01-17
2022-01-12,Wednesday,,1,2022-01-12,2022-01-13,2022-01-14,2022-01-15,2022-01-17,2022-01-18
2022-01-13,Thursday,,1,2022-01-13,2022-01-14,2022-01-15,2022-01-17,2022-01-18,2022-01-19
2022-01-14,Friday,,1,2022-01-14,2022-01-15,2022-01-17,2022-01-18,2022-01-19,2022-01-20
2022-01-15,Saturday,,1,2022-01-15,2022-01-17,2022-01-18,2022-01-19,2022-01-20,2022-01-21
2022-01-16,Sunday,,0,2022-01-16,2022-01-17,2022-01-18,2022-01-19,2022-01-20,2022-01-21
2022-01-17,Monday,,1,2022-01-17,2022-01-18,2022-01-19,2022-01-20,2022-01-21,2022-01-22
2022-01-18,Tuesday,,1,2022-01-18,2022-01-19,2022-01-20,2022-01-21,2022-01-22,2022-01-24
2022-01-19,Wednesday,,1,2022-01-19,2022-01-20,2022-01-21,2022-01-22,2022-01-24,2022-01-25
2022-01-20,Thursday,,1,2022-01-20,2022-01-21,2022-01-22,2022-01-24,2022-01-25,2022-01-26
2022-01-21,Friday,,1,2022-01-21,2022-01-22,2022-01-24,2022-01-25,2022-01-26,2022-01-27
2022-01-22,Saturday,,1,2022-01-22,2022-01-24,2022-01-25,2022-01-26,2022-01-27,2022-01-28
2022-01-23,Sunday,,0,2022-01-23,2022-01-24,2022-01-25,2022-01-26,2022-01-27,2022-01-28
2022-01-24,Monday,,1,2022-01-24,2022-01-25,2022-01-26,2022-01-27,2022-01-28,2022-01-29
2022-01-25,Tuesday,,1,2022-01-25,2022-01-26,2022-01-27,2022-01-28,2022-01-29,2022-02-07
2022-01-26,Wednesday,,1,2022-01-26,2022-01-27,2022-01-28,2022-01-29,2022-02-07,2022-02-08
2022-01-27,Thursday,,1,2022-01-27,2022-01-28,2022-01-29,2022-02-07,2022-02-08,2022-02-09
2022-01-28,Friday,,1,2022-01-28,2022-01-29,2022-02-07,2022-02-08,2022-02-09,2022-02-10
2022-01-29,Saturday,,1,2022-01-29,2022-02-07,2022-02-08,2022-02-09,2022-02-10,2022-02-11
2022-01-30,Sunday,,0,2022-01-30,2022-02-07,2022-02-08,2022-02-09,2022-02-10,2022-02-11
2022-01-31,Monday,Lunar New Year Eve,0,2022-01-31,2022-02-07,2022-02-08,2022-02-09,2022-02-10,2022-02-11
2022-02-01,Tuesday,Lunar New Year,0,2022-02-01,2022-02-07,2022-02-08,2022-02-09,2022-02-10,2022-02-11
2022-02-02,Wednesday,Lunar New Year,0,2022-02-02,2022-02-07,2022-02-08,2022-02-09,2022-02-10,2022-02-11
2022-02-03,Thursday,Lunar New Year,0,2022-02-03,2022-02-07,2022-02-08,2022-02-09,2022-02-10,2022-02-11
2022-02-04,Friday,Lunar New Year,0,2022-02-04,2022-02-07,2022-02-08,2022-02-09,2022-02-10,2022-02-11
2022-02-05,Saturday,Lunar New Year,0,2022-02-05,2022-02-07,2022-02-08,2022-02-09,2022-02-10,2022-02-11
2022-02-06,Sunday,,0,2022-02-06,2022-02-07,2022-02-08,2022-02-09,2022-02-10,2022-02-11
2022-02-07,Monday,,1,2022-02-07,2022-02-08,2022-02-09,2022-02-10,2022-02-11,2022-02-12
2022-02-08,Tuesday,,1,2022-02-08,2022-02-09,2022-02-10,2022-02-11,2022-02-12,2022-02-14
2022-02-09,Wednesday,,1,2022-02-09,2022-02-10,2022-02-11,2022-02-12,2022-02-14,2022-02-15
2022-02-10,Thursday,,1,2022-02-10,2022-02-11,2022-02-12,2022-02-14,2022-02-15,2022-02-16
2022-02-11,Friday,,1,2022-02-11,2022-02-12,2022-02-14,2022-02-15,2022-02-16,2022-02-17
2022-02-12,Saturday,,1,2022-02-12,2022-02-14,2022-02-15,2022-02-16,2022-02-17,2022-02-18
2022-02-13,Sunday,,0,2022-02-13,2022-02-14,2022-02-15,2022-02-16,2022-02-17,2022-02-18
2022-02-14,Monday,,1,2022-02-14,2022-02-15,2022-02-16,2022-02-17,2022-02-18,2022-02-19
2022-02-15,Tuesday,,1,2022-02-15,2022-02-16,2022-02-17,2022-02-18,2022-02-19,2022-02-21
2022-02-16,Wednesday,,1,2022-02-16,2022-02-17,2022-02-18,2022-02-19,2022-02-21,2022-02-22
2022-02-17,Thursday,,1,2022-02-17,2022-02-18,2022-02-19,2022-02-21,2022-02-22,2022-02-23
2022-02-18,Friday,,1,2022-02-18,2022-02-19,2022-02-21,2022-02-22,2022-02-23,2022-02-24
2022-02-19,Saturday,,1,2022-02-19,2022-02-21,2022-02-22,2022-02-23,2022-02-24,2022-02-25
2022-02-20,Sunday,,0,2022-02-20,2022-02-21,2022-02-22,2022-02-23,2022-02-24,2022-02-25
2022-02-21,Monday,,1,2022-02-21,2022-02-22,2022-02-23,2022-02-24,2022-02-25,2022-02-26
2022-02-22,Tuesday,,1,2022-02-22,2022-02-23,2022-02-24,2022-02-25,2022-02-26,2022-02-28
2022-02-23,Wednesday,,1,2022-02-23,2022-02-24,2022-02-25,2022-02-26,2022-02-28,2022-03-01
2022-02-24,Thursday,,1,2022-02-24,2022-02-25,2022-02-26,2022-02-28,2022-03-01,2022-03-02
2022-02-25,Friday,,1,2022-02-25,2022-02-26,2022-02-28,2022-03-01,2022-03-02,2022-03-03
2022-02-26,Saturday,,1,2022-02-26,2022-02-28,2022-03-01,2022-03-02,2022-03-03,2022-03-04
2022-02-27,Sunday,,0,2022-02-27,2022-02-28,2022-03-01,2022-03-02,2022-03-03,2022-03-04
2022-02-28,Monday,,1,2022-02-28,2022-03-01,2022-03-02,2022-03-03,2022-03-04,2022-03-05
2022-03-01,Tuesday,,1,2022-03-01,2022-03-02,2022-03-03,2022-03-04,2022-03-05,2022-03-07
2022-03-02,Wednesday,,1,2022-03-02,2022-03-03,2022-03-04,2022-03-05,2022-03-07,2022-03-08
2022-03-03,Thursday,,1,2022-03-03,2022-03-04,2022-03-05,2022-03-07,2022-03-08,2022-03-09
2022-03-04,Friday,,1,2022-03-04,2022-03-05,2022-03-07,2022-03-08,2022-03-09,2022-03-10
2022-03-05,Saturday,,1,2022-03-05,2022-03-07,2022-03-08,2022-03-09,2022-03-10,2022-03-11
2022-03-06,Sunday,,0,2022-03-06,2022-03-07,2022-03-08,2022-03-09,2022-03-10,2022-03-11
2022-03-07,Monday,,1,2022-03-07,2022-03-08,2022-03-09,2022-03-10,2022-03-11,2022-03-12
2022-03-08,Tuesday,,1,2022-03-08,2022-03-09,2022-03-10,2022-03-11,2022-03-12,2022-03-14
2022-03-09,Wednesday,,1,2022-03-09,2022-03-10,2022-03-11,2022-03-12,2022-03-14,2022-03-15
2022-03-10,Thursday,,1,2022-03-10,2022-03-11,2022-03-12,2022-03-14,2022-03-15,2022-03-16
2022-03-11,Friday,,1,2022-03-11,2022-03-12,2022-03-14,2022-03-15,2022-03-16,2022-03-17
2022-03-12,Saturday,,1,2022-03-12,2022-03-14,2022-03-15,2022-03-16,2022-03-17,2022-03-18
2022-03-13,Sunday,,0,2022-03-13,2022-03-14,2022-03-15,2022-03-16,2022-03-17,2022-03-18
2022-03-14,Monday,,1,2022-03-14,2022-03-15,2022-03-16,2022-03-17,2022-03-18,2022-03-19
2022-03-15,Tuesday,,1,2022-03-15,2022-03-16,2022-03-17,2022-03-18,2022-03-19,2022-03-21
2022-03-16,Wednesday,,1,2022-03-16,2022-03-17,2022-03-18,2022-03-19,2022-03-21,2022-03-22
2022-03-17,Thursday,,1,2022-03-17,2022-03-18,2022-03-19,2022-03-21,2022-03-22,2022-03-23
2022-03-18,Friday,,1,2022-03-18,2022-03-19,2022-03-21,2022-03-22,2022-03-23,2022-03-24
2022-03-19,Saturday,,1,2022-03-19,2022-03-21,2022-03-22,2022-03-23,2022-03-24,2022-03-25
2022-03-20,Sunday,,0,2022-03-20,2022-03-21,2022-03-22,2022-03-23,2022-03-24,2022-03-25
2022-03-21,Monday,,1,2022-03-21,2022-03-22,2022-03-23,2022-03-24,2022-03-25,2022-03-26
2022-03-22,Tuesday,,1,2022-03-22,2022-03-23,2022-03-24,2022-03-25,2022-03-26,2022-03-28
2022-03-23,Wednesday,,1,2022-03-23,2022-03-24,2022-03-25,2022-03-26,2022-03-28,2022-03-29
2022-03-24,Thursday,,1,2022-03-24,2022-03-25,2022-03-26,2022-03-28,2022-03-29,2022-03-30
2022-03-25,Friday,,1,2022-03-25,2022-03-26,2022-03-28,2022-03-29,2022-03-30,2022-03-31
2022-03-26,Saturday,,1,2022-03-26,2022-03-28,2022-03-29,2022-03-30,2022-03-31,2022-04-01
2022-03-27,Sunday,,0,2022-03-27,2022-03-28,2022-03-29,2022-03-30,2022-03-31,2022-04-01
2022-03-28,Monday,,1,2022-03-28,2022-03-29,2022-03-30,2022-03-31,2022-04-01,2022-04-02
2022-03-29,Tuesday,,1,2022-03-29,2022-03-30,2022-03-31,2022-04-01,2022-04-02,2022-04-04
2022-03-30,Wednesday,,1,2022-03-30,2022-03-31,2022-04-01,2022-04-02,2022-04-04,2022-04-05
2022-03-31,Thursday,,1,2022-03-31,2022-04-01,2022-04-02,2022-04-04,2022-04-05,2022-04-06
2022-04-01,Friday,,1,2022-04-01,2022-04-02,2022-04-04,2022-04-05,2022-04-06,2022-04-07
2022-04-02,Saturday,,1,2022-04-02,2022-04-04,2022-04-05,2022-04-06,2022-04-07,2022-04-08
2022-04-03,Sunday,,0,2022-04-03,2022-04-04,2022-04-05,2022-04-06,2022-04-07,2022-04-08
2022-04-04,Monday,,1,2022-04-04,2022-04-05,2022-04-06,2022-04-07,2022-04-08,2022-04-09
2022-04-05,Tuesday,,1,2022-04-05,2022-04-06,2022-04-07,2022-04-08,2022-04-09,2022-04-12
2022-04-06,Wednesday,,1,2022-04-06,2022-04-07,2022-04-08,2022-04-09,2022-04-12,2022-04-13
2022-04-07,Thursday,,1,2022-04-07,2022-04-08,2022-04-09,2022-04-12,2022-04-13,2022-04-14
2022-04-08,Friday,,1,2022-04-08,2022-04-09,2022-04-12,2022-04-13,2022-04-14,2022-04-15
2022-04-09,Saturday,,1,2022-04-09,2022-04-12,2022-04-13,2022-04-14,2022-04-15,2022-04-16
2022-04-10,Sunday,,0,2022-04-10,2022-04-12,2022-04-13,2022-04-14,2022-04-15,2022-04-16
2022-04-11,Monday,Hung King Temple Festival (in lieu),0,2022-04-11,2022-04-12,2022-04-13,2022-04-14,2022-04-15,2022-04-16
2022-04-12,Tuesday,,1,2022-04-12,2022-04-13,2022-04-14,2022-04-15,2022-04-16,2022-04-18
2022-04-13,Wednesday,,1,2022-04-13,2022-04-14,2022-04-15,2022-04-16,2022-04-18,2022-04-19
2022-04-14,Thursday,,1,2022-04-14,2022-04-15,2022-04-16,2022-04-18,2022-04-19,2022-04-20
2022-04-15,Friday,,1,2022-04-15,2022-04-16,2022-04-18,2022-04-19,2022-04-20,2022-04-21
2022-04-16,Saturday,,1,2022-04-16,2022-04-18,2022-04-19,2022-04-20,2022-04-21,2022-04-22
2022-04-17,Sunday,,0,2022-04-17,2022-04-18,2022-04-19,2022-04-20,2022-04-21,2022-04-22
2022-04-18,Monday,,1,2022-04-18,2022-04-19,2022-04-20,2022-04-21,2022-04-22,2022-04-23
2022-04-19,Tuesday,,1,2022-04-19,2022-04-20,2022-04-21,2022-04-22,2022-04-23,2022-04-25
2022-04-20,Wednesday,,1,2022-04-20,2022-04-21,2022-04-22,2022-04-23,2022-04-25,2022-04-26
2022-04-21,Thursday,,1,2022-04-21,2022-04-22,2022-04-23,2022-04-25,2022-04-26,2022-04-27
2022-04-22,Friday,,1,2022-04-22,2022-04-23,2022-04-25,2022-04-26,2022-04-27,2022-04-28
2022-04-23,Saturday,,1,2022-04-23,2022-04-25,2022-04-26,2022-04-27,2022-04-28,2022-04-29
2022-04-24,Sunday,,0,2022-04-24,2022-04-25,2022-04-26,2022-04-27,2022-04-28,2022-04-29
2022-04-25,Monday,,1,2022-04-25,2022-04-26,2022-04-27,2022-04-28,2022-04-29,2022-05-03
2022-04-26,Tuesday,,1,2022-04-26,2022-04-27,2022-04-28,2022-04-29,2022-05-03,2022-05-04
2022-04-27,Wednesday,,1,2022-04-27,2022-04-28,2022-04-29,2022-05-03,2022-05-04,2022-05-05
2022-04-28,Thursday,,1,2022-04-28,2022-04-29,2022-05-03,2022-05-04,2022-05-05,2022-05-06
2022-04-29,Friday,,1,2022-04-29,2022-05-03,2022-05-04,2022-05-05,2022-05-06,2022-05-07
2022-04-30,Saturday,Reunification Day,0,2022-04-30,2022-05-03,2022-05-04,2022-05-05,2022-05-06,2022-05-07
2022-05-01,Sunday,Labour Day,0,2022-05-01,2022-05-03,2022-05-04,2022-05-05,2022-05-06,2022-05-07
2022-05-02,Monday,Reunification Day (in lieu),0,2022-05-02,2022-05-03,2022-05-04,2022-05-05,2022-05-06,2022-05-07
2022-05-03,Tuesday,,1,2022-05-03,2022-05-04,2022-05-05,2022-05-06,2022-05-07,2022-05-09
2022-05-04,Wednesday,,1,2022-05-04,2022-05-05,2022-05-06,2022-05-07,2022-05-09,2022-05-10
2022-05-05,Thursday,,1,2022-05-05,2022-05-06,2022-05-07,2022-05-09,2022-05-10,2022-05-11
2022-05-06,Friday,,1,2022-05-06,2022-05-07,2022-05-09,2022-05-10,2022-05-11,2022-05-12
2022-05-07,Saturday,,1,2022-05-07,2022-05-09,2022-05-10,2022-05-11,2022-05-12,2022-05-13
2022-05-08,Sunday,,0,2022-05-08,2022-05-09,2022-05-10,2022-05-11,2022-05-12,2022-05-13
2022-05-09,Monday,,1,2022-05-09,2022-05-10,2022-05-11,2022-05-12,2022-05-13,2022-05-14
2022-05-10,Tuesday,,1,2022-05-10,2022-05-11,2022-05-12,2022-05-13,2022-05-14,2022-05-16
2022-05-11,Wednesday,,1,2022-05-11,2022-05-12,2022-05-13,2022-05-14,2022-05-16,2022-05-17
2022-05-12,Thursday,,1,2022-05-12,2022-05-13,2022-05-14,2022-05-16,2022-05-17,2022-05-18
2022-05-13,Friday,,1,2022-05-13,2022-05-14,2022-05-16,2022-05-17,2022-05-18,2022-05-19
2022-05-14,Saturday,,1,2022-05-14,2022-05-16,2022-05-17,2022-05-18,2022-05-19,2022-05-20
2022-05-15,Sunday,,0,2022-05-15,2022-05-16,2022-05-17,2022-05-18,2022-05-19,2022-05-20
2022-05-16,Monday,,1,2022-05-16,2022-05-17,2022-05-18,2022-05-19,2022-05-20,2022-05-21
2022-05-17,Tuesday,,1,2022-05-17,2022-05-18,2022-05-19,2022-05-20,2022-05-21,2022-05-23
2022-05-18,Wednesday,,1,2022-05-18,2022-05-19,2022-05-20,2022-05-21,2022-05-23,2022-05-24
2022-05-19,Thursday,,1,2022-05-19,2022-05-20,2022-05-21,2022-05-23,2022-05-24,2022-05-25
2022-05-20,Friday,,1,2022-05-20,2022-05-21,2022-05-23,2022-05-24,2022-05-25,2022-05-26
2022-05-21,Saturday,,1,2022-05-21,2022-05-23,2022-05-24,2022-05-25,2022-05-26,2022-05-27
2022-05-22,Sunday,,0,2022-05-22,2022-05-23,2022-05-24,2022-05-25,2022-05-26,2022-05-27
2022-05-23,Monday,,1,2022-05-23,2022-05-24,2022-05-25,2022-05-26,2022-05-27,2022-05-28
2022-05-24,Tuesday,,1,2022-05-24,2022-05-25,2022-05-26,2022-05-27,2022-05-28,2022-05-30
2022-05-25,Wednesday,,1,2022-05-25,2022-05-26,2022-05-27,2022-05-28,2022-05-30,2022-05-31
2022-05-26,Thursday,,1,2022-05-26,2022-05-27,2022-05-28,2022-05-30,2022-05-31,2022-06-01
2022-05-27,Friday,,1,2022-05-27,2022-05-28,2022-05-30,2022-05-31,2022-06-01,2022-06-02
2022-05-28,Saturday,,1,2022-05-28,2022-05-30,2022-05-31,2022-06-01,2022-06-02,2022-06-03
2022-05-29,Sunday,,0,2022-05-29,2022-05-30,2022-05-31,2022-06-01,2022-06-02,2022-06-03
2022-05-30,Monday,,1,2022-05-30,2022-05-31,2022-06-01,2022-06-02,2022-06-03,2022-06-04
2022-05-31,Tuesday,,1,2022-05-31,2022-06-01,2022-06-02,2022-06-03,2022-06-04,2022-06-06
2022-06-01,Wednesday,,1,2022-06-01,2022-06-02,2022-06-03,2022-06-04,2022-06-06,2022-06-07
2022-06-02,Thursday,,1,2022-06-02,2022-06-03,2022-06-04,2022-06-06,2022-06-07,2022-06-08
2022-06-03,Friday,,1,2022-06-03,2022-06-04,2022-06-06,2022-06-07,2022-06-08,2022-06-09
2022-06-04,Saturday,,1,2022-06-04,2022-06-06,2022-06-07,2022-06-08,2022-06-09,2022-06-10
2022-06-05,Sunday,,0,2022-06-05,2022-06-06,2022-06-07,2022-06-08,2022-06-09,2022-06-10
2022-06-06,Monday,,1,2022-06-06,2022-06-07,2022-06-08,2022-06-09,2022-06-10,2022-06-11
2022-06-07,Tuesday,,1,2022-06-07,2022-06-08,2022-06-09,2022-06-10,2022-06-11,2022-06-13
2022-06-08,Wednesday,,1,2022-06-08,2022-06-09,2022-06-10,2022-06-11,2022-06-13,2022-06-14
2022-06-09,Thursday,,1,2022-06-09,2022-06-10,2022-06-11,2022-06-13,2022-06-14,2022-06-15
2022-06-10,Friday,,1,2022-06-10,2022-06-11,2022-06-13,2022-06-14,2022-06-15,2022-06-16
2022-06-11,Saturday,,1,2022-06-11,2022-06-13,2022-06-14,2022-06-15,2022-06-16,2022-06-17
2022-06-12,Sunday,,0,2022-06-12,2022-06-13,2022-06-14,2022-06-15,2022-06-16,2022-06-17
2022-06-13,Monday,,1,2022-06-13,2022-06-14,2022-06-15,2022-06-16,2022-06-17,2022-06-18
2022-06-14,Tuesday,,1,2022-06-14,2022-06-15,2022-06-16,2022-06-17,2022-06-18,2022-06-20
2022-06-15,Wednesday,,1,2022-06-15,2022-06-16,2022-06-17,2022-06-18,2022-06-20,2022-06-21
2022-06-16,Thursday,,1,2022-06-16,2022-06-17,2022-06-18,2022-06-20,2022-06-21,2022-06-22
2022-06-17,Friday,,1,2022-06-17,2022-06-18,2022-06-20,2022-06-21,2022-06-22,2022-06-23
2022-06-18,Saturday,,1,2022-06-18,2022-06-20,2022-06-21,2022-06-22,2022-06-23,2022-06-24
2022-06-19,Sunday,,0,2022-06-19,2022-06-20,2022-06-21,2022-06-22,2022-06-23,2022-06-24
2022-06-20,Monday,,1,2022-06-20,2022-06-21,2022-06-22,2022-06-23,2022-06-24,2022-06-25
2022-06-21,Tuesday,,1,2022-06-21,2022-06-22,2022-06-23,2022-06-24,2022-06-25,2022-06-27
2022-06-22,Wednesday,,1,2022-06-22,2022-06-23,2022-06-24,2022-06-25,2022-06-27,2022-06-28
2022-06-23,Thursday,,1,2022-06-23,2022-06-24,2022-06-25,2022-06-27,2022-06-28,2022-06-29
2022-06-24,Friday,,1,2022-06-24,2022-06-25,2022-06-27,2022-06-28,2022-06-29,2022-06-30
2022-06-25,Saturday,,1,2022-06-25,2022-06-27,2022-06-28,2022-06-29,2022-06-30,2022-07-01
2022-06-26,Sunday,,0,2022-06-26,2022-06-27,2022-06-28,2022-06-29,2022-06-30,2022-07-01
2022-06-27,Monday,,1,2022-06-27,2022-06-28,2022-06-29,2022-06-30,2022-07-01,2022-07-02
2022-06-28,Tuesday,,1,2022-06-28,2022-06-29,2022-06-30,2022-07-01,2022-07-02,2022-07-04
2022-06-29,Wednesday,,1,2022-06-29,2022-06-30,2022-07-01,2022-07-02,2022-07-04,2022-07-05
2022-06-30,Thursday,,1,2022-06-30,2022-07-01,2022-07-02,2022-07-04,2022-07-05,2022-07-06
2022-07-01,Friday,,1,2022-07-01,2022-07-02,2022-07-04,2022-07-05,2022-07-06,2022-07-07
2022-07-02,Saturday,,1,2022-07-02,2022-07-04,2022-07-05,2022-07-06,2022-07-07,2022-07-08
2022-07-03,Sunday,,0,2022-07-03,2022-07-04,2022-07-05,2022-07-06,2022-07-07,2022-07-08
2022-07-04,Monday,,1,2022-07-04,2022-07-05,2022-07-06,2022-07-07,2022-07-08,2022-07-09
2022-07-05,Tuesday,,1,2022-07-05,2022-07-06,2022-07-07,2022-07-08,2022-07-09,2022-07-11
2022-07-06,Wednesday,,1,2022-07-06,2022-07-07,2022-07-08,2022-07-09,2022-07-11,2022-07-12
2022-07-07,Thursday,,1,2022-07-07,2022-07-08,2022-07-09,2022-07-11,2022-07-12,2022-07-13
2022-07-08,Friday,,1,2022-07-08,2022-07-09,2022-07-11,2022-07-12,2022-07-13,2022-07-14
2022-07-09,Saturday,,1,2022-07-09,2022-07-11,2022-07-12,2022-07-13,2022-07-14,2022-07-15
2022-07-10,Sunday,,0,2022-07-10,2022-07-11,2022-07-12,2022-07-13,2022-07-14,2022-07-15
2022-07-11,Monday,,1,2022-07-11,2022-07-12,2022-07-13,2022-07-14,2022-07-15,2022-07-16
2022-07-12,Tuesday,,1,2022-07-12,2022-07-13,2022-07-14,2022-07-15,2022-07-16,2022-07-18
2022-07-13,Wednesday,,1,2022-07-13,2022-07-14,2022-07-15,2022-07-16,2022-07-18,2022-07-19
2022-07-14,Thursday,,1,2022-07-14,2022-07-15,2022-07-16,2022-07-18,2022-07-19,2022-07-20
2022-07-15,Friday,,1,2022-07-15,2022-07-16,2022-07-18,2022-07-19,2022-07-20,2022-07-21
2022-07-16,Saturday,,1,2022-07-16,2022-07-18,2022-07-19,2022-07-20,2022-07-21,2022-07-22
2022-07-17,Sunday,,0,2022-07-17,2022-07-18,2022-07-19,2022-07-20,2022-07-21,2022-07-22
2022-07-18,Monday,,1,2022-07-18,2022-07-19,2022-07-20,2022-07-21,2022-07-22,2022-07-23
2022-07-19,Tuesday,,1,2022-07-19,2022-07-20,2022-07-21,2022-07-22,2022-07-23,2022-07-25
2022-07-20,Wednesday,,1,2022-07-20,2022-07-21,2022-07-22,2022-07-23,2022-07-25,2022-07-26
2022-07-21,Thursday,,1,2022-07-21,2022-07-22,2022-07-23,2022-07-25,2022-07-26,2022-07-27
2022-07-22,Friday,,1,2022-07-22,2022-07-23,2022-07-25,2022-07-26,2022-07-27,2022-07-28
2022-07-23,Saturday,,1,2022-07-23,2022-07-25,2022-07-26,2022-07-27,2022-07-28,2022-07-29
2022-07-24,Sunday,,0,2022-07-24,2022-07-25,2022-07-26,2022-07-27,2022-07-28,2022-07-29
2022-07-25,Monday,,1,2022-07-25,2022-07-26,2022-07-27,2022-07-28,2022-07-29,2022-07-30
2022-07-26,Tuesday,,1,2022-07-26,2022-07-27,2022-07-28,2022-07-29,2022-07-30,2022-08-01
2022-07-27,Wednesday,,1,2022-07-27,2022-07-28,2022-07-29,2022-07-30,2022-08-01,2022-08-02
2022-07-28,Thursday,,1,2022-07-28,2022-07-29,2022-07-30,2022-08-01,2022-08-02,2022-08-03
2022-07-29,Friday,,1,2022-07-29,2022-07-30,2022-08-01,2022-08-02,2022-08-03,2022-08-04
2022-07-30,Saturday,,1,2022-07-30,2022-08-01,2022-08-02,2022-08-03,2022-08-04,2022-08-05
2022-07-31,Sunday,,0,2022-07-31,2022-08-01,2022-08-02,2022-08-03,2022-08-04,2022-08-05
2022-08-01,Monday,,1,2022-08-01,2022-08-02,2022-08-03,2022-08-04,2022-08-05,2022-08-06
2022-08-02,Tuesday,,1,2022-08-02,2022-08-03,2022-08-04,2022-08-05,2022-08-06,2022-08-08
2022-08-03,Wednesday,,1,2022-08-03,2022-08-04,2022-08-05,2022-08-06,2022-08-08,2022-08-09
2022-08-04,Thursday,,1,2022-08-04,2022-08-05,2022-08-06,2022-08-08,2022-08-09,2022-08-10
2022-08-05,Friday,,1,2022-08-05,2022-08-06,2022-08-08,2022-08-09,2022-08-10,2022-08-11
2022-08-06,Saturday,,1,2022-08-06,2022-08-08,2022-08-09,2022-08-10,2022-08-11,2022-08-12
2022-08-07,Sunday,,0,2022-08-07,2022-08-08,2022-08-09,2022-08-10,2022-08-11,2022-08-12
2022-08-08,Monday,,1,2022-08-08,2022-08-09,2022-08-10,2022-08-11,2022-08-12,2022-08-13
2022-08-09,Tuesday,,1,2022-08-09,2022-08-10,2022-08-11,2022-08-12,2022-08-13,2022-08-15
2022-08-10,Wednesday,,1,2022-08-10,2022-08-11,2022-08-12,2022-08-13,2022-08-15,2022-08-16
2022-08-11,Thursday,,1,2022-08-11,2022-08-12,2022-08-13,2022-08-15,2022-08-16,2022-08-17
2022-08-12,Friday,,1,2022-08-12,2022-08-13,2022-08-15,2022-08-16,2022-08-17,2022-08-18
2022-08-13,Saturday,,1,2022-08-13,2022-08-15,2022-08-16,2022-08-17,2022-08-18,2022-08-19
2022-08-14,Sunday,,0,2022-08-14,2022-08-15,2022-08-16,2022-08-17,2022-08-18,2022-08-19
2022-08-15,Monday,,1,2022-08-15,2022-08-16,2022-08-17,2022-08-18,2022-08-19,2022-08-20
2022-08-16,Tuesday,,1,2022-08-16,2022-08-17,2022-08-18,2022-08-19,2022-08-20,2022-08-22
2022-08-17,Wednesday,,1,2022-08-17,2022-08-18,2022-08-19,2022-08-20,2022-08-22,2022-08-23
2022-08-18,Thursday,,1,2022-08-18,2022-08-19,2022-08-20,2022-08-22,2022-08-23,2022-08-24
2022-08-19,Friday,,1,2022-08-19,2022-08-20,2022-08-22,2022-08-23,2022-08-24,2022-08-25
2022-08-20,Saturday,,1,2022-08-20,2022-08-22,2022-08-23,2022-08-24,2022-08-25,2022-08-26
2022-08-21,Sunday,,0,2022-08-21,2022-08-22,2022-08-23,2022-08-24,2022-08-25,2022-08-26
2022-08-22,Monday,,1,2022-08-22,2022-08-23,2022-08-24,2022-08-25,2022-08-26,2022-08-27
2022-08-23,Tuesday,,1,2022-08-23,2022-08-24,2022-08-25,2022-08-26,2022-08-27,2022-08-29
2022-08-24,Wednesday,,1,2022-08-24,2022-08-25,2022-08-26,2022-08-27,2022-08-29,2022-08-30
2022-08-25,Thursday,,1,2022-08-25,2022-08-26,2022-08-27,2022-08-29,2022-08-30,2022-08-31
2022-08-26,Friday,,1,2022-08-26,2022-08-27,2022-08-29,2022-08-30,2022-08-31,2022-09-03
2022-08-27,Saturday,,1,2022-08-27,2022-08-29,2022-08-30,2022-08-31,2022-09-03,2022-09-05
2022-08-28,Sunday,,0,2022-08-28,2022-08-29,2022-08-30,2022-08-31,2022-09-03,2022-09-05
2022-08-29,Monday,,1,2022-08-29,2022-08-30,2022-08-31,2022-09-03,2022-09-05,2022-09-06
2022-08-30,Tuesday,,1,2022-08-30,2022-08-31,2022-09-03,2022-09-05,2022-09-06,2022-09-07
2022-08-31,Wednesday,,1,2022-08-31,2022-09-03,2022-09-05,2022-09-06,2022-09-07,2022-09-08
2022-09-01,Thursday,National Day (in lieu),0,2022-09-01,2022-09-03,2022-09-05,2022-09-06,2022-09-07,2022-09-08
2022-09-02,Friday,National Day,0,2022-09-02,2022-09-03,2022-09-05,2022-09-06,2022-09-07,2022-09-08
2022-09-03,Saturday,,1,2022-09-03,2022-09-05,2022-09-06,2022-09-07,2022-09-08,2022-09-09
2022-09-04,Sunday,,0,2022-09-04,2022-09-05,2022-09-06,2022-09-07,2022-09-08,2022-09-09
2022-09-05,Monday,,1,2022-09-05,2022-09-06,2022-09-07,2022-09-08,2022-09-09,2022-09-10
2022-09-06,Tuesday,,1,2022-09-06,2022-09-07,2022-09-08,2022-09-09,2022-09-10,2022-09-12
2022-09-07,Wednesday,,1,2022-09-07,2022-09-08,2022-09-09,2022-09-10,2022-09-12,2022-09-13
2022-09-08,Thursday,,1,2022-09-08,2022-09-09,2022-09-10,2022-09-12,2022-09-13,2022-09-14
2022-09-09,Friday,,1,2022-09-09,2022-09-10,2022-09-12,2022-09-13,2022-09-14,2022-09-15
2022-09-10,Saturday,,1,2022-09-10,2022-09-12,2022-09-13,2022-09-14,2022-09-15,2022-09-16
2022-09-11,Sunday,,0,2022-09-11,2022-09-12,2022-09-13,2022-09-14,2022-09-15,2022-09-16
2022-09-12,Monday,,1,2022-09-12,2022-09-13,2022-09-14,2022-09-15,2022-09-16,2022-09-17
2022-09-13,Tuesday,,1,2022-09-13,2022-09-14,2022-09-15,2022-09-16,2022-09-17,2022-09-19
2022-09-14,Wednesday,,1,2022-09-14,2022-09-15,2022-09-16,2022-09-17,2022-09-19,2022-09-20
2022-09-15,Thursday,,1,2022-09-15,2022-09-16,2022-09-17,2022-09-19,2022-09-20,2022-09-21
2022-09-16,Friday,,1,2022-09-16,2022-09-17,2022-09-19,2022-09-20,2022-09-21,2022-09-22
2022-09-17,Saturday,,1,2022-09-17,2022-09-19,2022-09-20,2022-09-21,2022-09-22,2022-09-23
2022-09-18,Sunday,,0,2022-09-18,2022-09-19,2022-09-20,2022-09-21,2022-09-22,2022-09-23
2022-09-19,Monday,,1,2022-09-19,2022-09-20,2022-09-21,2022-09-22,2022-09-23,2022-09-24
2022-09-20,Tuesday,,1,2022-09-20,2022-09-21,2022-09-22,2022-09-23,2022-09-24,2022-09-26
2022-09-21,Wednesday,,1,2022-09-21,2022-09-22,2022-09-23,2022-09-24,2022-09-26,2022-09-27
2022-09-22,Thursday,,1,2022-09-22,2022-09-23,2022-09-24,2022-09-26,2022-09-27,2022-09-28
2022-09-23,Friday,,1,2022-09-23,2022-09-24,2022-09-26,2022-09-27,2022-09-28,2022-09-29
2022-09-24,Saturday,,1,2022-09-24,2022-09-26,2022-09-27,2022-09-28,2022-09-29,2022-09-30
2022-09-25,Sunday,,0,2022-09-25,2022-09-26,2022-09-27,2022-09-28,2022-09-29,2022-09-30
2022-09-26,Monday,,1,2022-09-26,2022-09-27,2022-09-28,2022-09-29,2022-09-30,2022-10-01
2022-09-27,Tuesday,,1,2022-09-27,2022-09-28,2022-09-29,2022-09-30,2022-10-01,2022-10-03
2022-09-28,Wednesday,,1,2022-09-28,2022-09-29,2022-09-30,2022-10-01,2022-10-03,2022-10-04
2022-09-29,Thursday,,1,2022-09-29,2022-09-30,2022-10-01,2022-10-03,2022-10-04,2022-10-05
2022-09-30,Friday,,1,2022-09-30,2022-10-01,2022-10-03,2022-10-04,2022-10-05,2022-10-06
2022-10-01,Saturday,,1,2022-10-01,2022-10-03,2022-10-04,2022-10-05,2022-10-06,2022-10-07
2022-10-02,Sunday,,0,2022-10-02,2022-10-03,2022-10-04,2022-10-05,2022-10-06,2022-10-07
2022-10-03,Monday,,1,2022-10-03,2022-10-04,2022-10-05,2022-10-06,2022-10-07,2022-10-08
2022-10-04,Tuesday,,1,2022-10-04,2022-10-05,2022-10-06,2022-10-07,2022-10-08,2022-10-10
2022-10-05,Wednesday,,1,2022-10-05,2022-10-06,2022-10-07,2022-10-08,2022-10-10,2022-10-11
2022-10-06,Thursday,,1,2022-10-06,2022-10-07,2022-10-08,2022-10-10,2022-10-11,2022-10-12
2022-10-07,Friday,,1,2022-10-07,2022-10-08,2022-10-10,2022-10-11,2022-10-12,2022-10-13
2022-10-08,Saturday,,1,2022-10-08,2022-10-10,2022-10-11,2022-10-12,2022-10-13,2022-10-14
2022-10-09,Sunday,,0,2022-10-09,2022-10-10,2022-10-11,2022-10-12,2022-10-13,2022-10-14
2022-10-10,Monday,,1,2022-10-10,2022-10-11,2022-10-12,2022-10-13,2022-10-14,2022-10-15
2022-10-11,Tuesday,,1,2022-10-11,2022-10-12,2022-10-13,2022-10-14,2022-10-15,2022-10-17
2022-10-12,Wednesday,,1,2022-10-12,2022-10-13,2022-10-14,2022-10-15,2022-10-17,2022-10-18
2022-10-13,Thursday,,1,2022-10-13,2022-10-14,2022-10-15,2022-10-17,2022-10-18,2022-10-19
2022-10-14,Friday,,1,2022-10-14,2022-10-15,2022-10-17,2022-10-18,2022-10-19,2022-10-20
2022-10-15,Saturday,,1,2022-10-15,2022-10-17,2022-10-18,2022-10-19,2022-10-20,2022-10-21
2022-10-16,Sunday,,0,2022-10-16,2022-10-17,2022-10-18,2022-10-19,2022-10-20,2022-10-21
2022-10-17,Monday,,1,2022-10-17,2022-10-18,2022-10-19,2022-10-20,2022-10-21,2022-10-22
2022-10-18,Tuesday,,1,2022-10-18,2022-10-19,2022-10-20,2022-10-21,2022-10-22,2022-10-24
2022-10-19,Wednesday,,1,2022-10-19,2022-10-20,2022-10-21,2022-10-22,2022-10-24,2022-10-25
2022-10-20,Thursday,,1,2022-10-20,2022-10-21,2022-10-22,2022-10-24,2022-10-25,2022-10-26
2022-10-21,Friday,,1,2022-10-21,2022-10-22,2022-10-24,2022-10-25,2022-10-26,2022-10-27
2022-10-22,Saturday,,1,2022-10-22,2022-10-24,2022-10-25,2022-10-26,2022-10-27,2022-10-28
2022-10-23,Sunday,,0,2022-10-23,2022-10-24,2022-10-25,2022-10-26,2022-10-27,2022-10-28
2022-10-24,Monday,,1,2022-10-24,2022-10-25,2022-10-26,2022-10-27,2022-10-28,2022-10-29
2022-10-25,Tuesday,,1,2022-10-25,2022-10-26,2022-10-27,2022-10-28,2022-10-29,2022-10-31
2022-10-26,Wednesday,,1,2022-10-26,2022-10-27,2022-10-28,2022-10-29,2022-10-31,2022-11-01
2022-10-27,Thursday,,1,2022-10-27,2022-10-28,2022-10-29,2022-10-31,2022-11-01,2022-11-02
2022-10-28,Friday,,1,2022-10-28,2022-10-29,2022-10-31,2022-11-01,2022-11-02,2022-11-03
2022-10-29,Saturday,,1,2022-10-29,2022-10-31,2022-11-01,2022-11-02,2022-11-03,2022-11-04
2022-10-30,Sunday,,0,2022-10-30,2022-10-31,2022-11-01,2022-11-02,2022-11-03,2022-11-04
2022-10-31,Monday,,1,2022-10-31,2022-11-01,2022-11-02,2022-11-03,2022-11-04,2022-11-05
2022-11-01,Tuesday,,1,2022-11-01,2022-11-02,2022-11-03,2022-11-04,2022-11-05,2022-11-07
2022-11-02,Wednesday,,1,2022-11-02,2022-11-03,2022-11-04,2022-11-05,2022-11-07,2022-11-08
2022-11-03,Thursday,,1,2022-11-03,2022-11-04,2022-11-05,2022-11-07,2022-11-08,2022-11-09
2022-11-04,Friday,,1,2022-11-04,2022-11-05,2022-11-07,2022-11-08,2022-11-09,2022-11-10
2022-11-05,Saturday,,1,2022-11-05,2022-11-07,2022-11-08,2022-11-09,2022-11-10,2022-11-11
2022-11-06,Sunday,,0,2022-11-06,2022-11-07,2022-11-08,2022-11-09,2022-11-10,2022-11-11
2022-11-07,Monday,,1,2022-11-07,2022-11-08,2022-11-09,2022-11-10,2022-11-11,2022-11-12
2022-11-08,Tuesday,,1,2022-11-08,2022-11-09,2022-11-10,2022-11-11,2022-11-12,2022-11-14
2022-11-09,Wednesday,,1,2022-11-09,2022-11-10,2022-11-11,2022-11-12,2022-11-14,2022-11-15
2022-11-10,Thursday,,1,2022-11-10,2022-11-11,2022-11-12,2022-11-14,2022-11-15,2022-11-16
2022-11-11,Friday,,1,2022-11-11,2022-11-12,2022-11-14,2022-11-15,2022-11-16,2022-11-17
2022-11-12,Saturday,,1,2022-11-12,2022-11-14,2022-11-15,2022-11-16,2022-11-17,2022-11-18
2022-11-13,Sunday,,0,2022-11-13,2022-11-14,2022-11-15,2022-11-16,2022-11-17,2022-11-18
2022-11-14,Monday,,1,2022-11-14,2022-11-15,2022-11-16,2022-11-17,2022-11-18,2022-11-19
2022-11-15,Tuesday,,1,2022-11-15,2022-11-16,2022-11-17,2022-11-18,2022-11-19,2022-11-21
2022-11-16,Wednesday,,1,2022-11-16,2022-11-17,2022-11-18,2022-11-19,2022-11-21,2022-11-22
2022-11-17,Thursday,,1,2022-11-17,2022-11-18,2022-11-19,2022-11-21,2022-11-22,2022-11-23
2022-11-18,Friday,,1,2022-11-18,2022-11-19,2022-11-21,2022-11-22,2022-11-23,2022-11-24
2022-11-19,Saturday,,1,2022-11-19,2022-11-21,2022-11-22,2022-11-23,2022-11-24,2022-11-25
2022-11-20,Sunday,,0,2022-11-20,2022-11-21,2022-11-22,2022-11-23,2022-11-24,2022-11-25
2022-11-21,Monday,,1,2022-11-21,2022-11-22,2022-11-23,2022-11-24,2022-11-25,2022-11-26
2022-11-22,Tuesday,,1,2022-11-22,2022-11-23,2022-11-24,2022-11-25,2022-11-26,2022-11-28
2022-11-23,Wednesday,,1,2022-11-23,2022-11-24,2022-11-25,2022-11-26,2022-11-28,2022-11-29
2022-11-24,Thursday,,1,2022-11-24,2022-11-25,2022-11-26,2022-11-28,2022-11-29,2022-11-30
2022-11-25,Friday,,1,2022-11-25,2022-11-26,2022-11-28,2022-11-29,2022-11-30,2022-12-01
2022-11-26,Saturday,,1,2022-11-26,2022-11-28,2022-11-29,2022-11-30,2022-12-01,2022-12-02
2022-11-27,Sunday,,0,2022-11-27,2022-11-28,2022-11-29,2022-11-30,2022-12-01,2022-12-02
2022-11-28,Monday,,1,2022-11-28,2022-11-29,2022-11-30,2022-12-01,2022-12-02,2022-12-03
2022-11-29,Tuesday,,1,2022-11-29,2022-11-30,2022-12-01,2022-12-02,2022-12-03,2022-12-05
2022-11-30,Wednesday,,1,2022-11-30,2022-12-01,2022-12-02,2022-12-03,2022-12-05,2022-12-06
2022-12-01,Thursday,,1,2022-12-01,2022-12-02,2022-12-03,2022-12-05,2022-12-06,2022-12-07
2022-12-02,Friday,,1,2022-12-02,2022-12-03,2022-12-05,2022-12-06,2022-12-07,2022-12-08
2022-12-03,Saturday,,1,2022-12-03,2022-12-05,2022-12-06,2022-12-07,2022-12-08,2022-12-09
2022-12-04,Sunday,,0,2022-12-04,2022-12-05,2022-12-06,2022-12-07,2022-12-08,2022-12-09
2022-12-05,Monday,,1,2022-12-05,2022-12-06,2022-12-07,2022-12-08,2022-12-09,2022-12-10
2022-12-06,Tuesday,,1,2022-12-06,2022-12-07,2022-12-08,2022-12-09,2022-12-10,2022-12-12
2022-12-07,Wednesday,,1,2022-12-07,2022-12-08,2022-12-09,2022-12-10,2022-12-12,2022-12-13
2022-12-08,Thursday,,1,2022-12-08,2022-12-09,2022-12-10,2022-12-12,2022-12-13,2022-12-14
2022-12-09,Friday,,1,2022-12-09,2022-12-10,2022-12-12,2022-12-13,2022-12-14,2022-12-15
2022-12-10,Saturday,,1,2022-12-10,2022-12-12,2022-12-13,2022-12-14,2022-12-15,2022-12-16
2022-12-11,Sunday,,0,2022-12-11,2022-12-12,2022-12-13,2022-12-14,2022-12-15,2022-12-16
2022-12-12,Monday,,1,2022-12-12,2022-12-13,2022-12-14,2022-12-15,2022-12-16,2022-12-17
2022-12-13,Tuesday,,1,2022-12-13,2022-12-14,2022-12-15,2022-12-16,2022-12-17,2022-12-19
2022-12-14,Wednesday,,1,2022-12-14,2022-12-15,2022-12-16,2022-12-17,2022-12-19,2022-12-20
2022-12-15,Thursday,,1,2022-12-15,2022-12-16,2022-12-17,2022-12-19,2022-12-20,2022-12-21
2022-12-16,Friday,,1,2022-12-16,2022-12-17,2022-12-19,2022-12-20,2022-12-21,2022-12-22
2022-12-17,Saturday,,1,2022-12-17,2022-12-19,2022-12-20,2022-12-21,2022-12-22,2022-12-23
2022-12-18,Sunday,,0,2022-12-18,2022-12-19,2022-12-20,2022-12-21,2022-12-22,2022-12-23
2022-12-19,Monday,,1,2022-12-19,2022-12-20,2022-12-21,2022-12-22,2022-12-23,2022-12-24
2022-12-20,Tuesday,,1,2022-12-20,2022-12-21,2022-12-22,2022-12-23,2022-12-24,2022-12-26
2022-12-21,Wednesday,,1,2022-12-21,2022-12-22,2022-12-23,2022-12-24,2022-12-26,2022-12-27
2022-12-22,Thursday,,1,2022-12-22,2022-12-23,2022-12-24,2022-12-26,2022-12-27,2022-12-28
2022-12-23,Friday,,1,2022-12-23,2022-12-24,2022-12-26,2022-12-27,2022-12-28,2022-12-29
2022-12-24,Saturday,,1,2022-12-24,2022-12-26,2022-12-27,2022-12-28,2022-12-29,2022-12-30
2022-12-25,Sunday,,0,2022-12-25,2022-12-26,2022-12-27,2022-12-28,2022-12-29,2022-12-30
2022-12-26,Monday,,1,2022-12-26,2022-12-27,2022-12-28,2022-12-29,2022-12-30,2022-12-31
2022-12-27,Tuesday,,1,2022-12-27,2022-12-28,2022-12-29,2022-12-30,2022-12-31,2023-01-03
2022-12-28,Wednesday,,1,2022-12-28,2022-12-29,2022-12-30,2022-12-31,2023-01-03,2023-01-04
2022-12-29,Thursday,,1,2022-12-29,2022-12-30,2022-12-31,2023-01-03,2023-01-04,2023-01-05
2022-12-30,Friday,,1,2022-12-30,2022-12-31,2023-01-03,2023-01-04,2023-01-05,2023-01-06
2022-12-31,Saturday,,1,2022-12-31,2023-01-03,2023-01-04,2023-01-05,2023-01-06,2023-01-07
